nome_cliente,produto,preco,data
Sra. Gabriela Dias,PulseMax,354.39,2023-02-14
Luigi Nogueira,EcoVibe,679.02,2021-07-27
Valentina Ribeiro,VitaFuel,397.02,2022-05-02
Vitor Gabriel Gomes,EcoVibe,940.5,2023-01-10
Guilherme da Cruz,VitaFuel,402.09,2020-03-19
Vitória Moreira,VivoZest,25.69,2024-01-08
Júlia Mendes,GloboFit,25.24,2022-04-10
Dr. Gustavo Henrique Teixeira,VivoZest,256.09,2023-08-11
Dr. Joaquim Peixoto,ZenithX,716.69,2022-08-31
Ana Júlia da Costa,ZapTech,579.13,2023-01-07
Enrico da Mota,AquaWave,908.55,2021-04-08
Sr. Pedro Miguel Gomes,GloboFit,821.45,2022-10-15
Sr. Theo Souza,VitaFuel,719.37,2022-06-01
Sra. Nicole Cunha,Solaris,10.55,2020-07-11
Dra. Eduarda Moura,ZapTech,195.49,2022-12-28
Lucas Gabriel da Luz,ZenithX,553.39,2020-01-24
Samuel Castro,Solaris,63.54,2021-06-23
Cauê Melo,NeoGlow,958.79,2023-08-02
Ana Luiza Monteiro,ZenithX,197.06,2020-01-02
Sr. Ian Carvalho,PulseMax,882.03,2022-05-17
Dr. Luiz Miguel Farias,PulseMax,793.76,2022-09-06
Samuel da Rocha,VivoZest,836.82,2021-11-11
Yuri Caldeira,PulseMax,950.72,2023-03-29
Pedro Lucas Teixeira,EcoVibe,795.33,2020-07-05
Theo Cunha,EcoVibe,568.47,2022-06-16
Rebeca da Cunha,Solaris,320.83,2023-01-18
Ana Carolina Barbosa,GloboFit,132.62,2022-02-14
Bryan Moraes,NeoGlow,68.76,2020-03-31
Sofia Pires,NeoGlow,490.47,2020-05-09
Marcela Porto,VitaFuel,593.38,2023-07-22
Diogo Mendes,EcoVibe,156.7,2020-04-07
Leonardo Viana,AquaWave,44.63,2021-09-16
Maria Vitória Barbosa,EcoVibe,542.15,2021-11-17
Dr. Luiz Felipe Silveira,VitaFuel,787.59,2022-11-12
João da Paz,VivoZest,56.98,2023-07-14
Bernardo Souza,NeoGlow,641.17,2023-03-23
Matheus Farias,VitaFuel,784.74,2022-02-26
Thomas Oliveira,ZapTech,652.43,2021-07-26
André Pires,NeoGlow,122.11,2020-06-23
Ana Beatriz da Mata,ZapTech,924.41,2022-12-01
Luiz Gustavo Vieira,Solaris,904.27,2021-05-18
Leonardo Caldeira,VivoZest,739.7,2022-08-05
Ana Lívia Nascimento,ZapTech,453.04,2020-08-06
Maria Julia Nunes,GloboFit,208.13,2022-01-28
Emanuella Correia,AquaWave,831.36,2020-03-17
Pedro Lucas da Mota,Solaris,80.69,2024-01-18
Vitor Azevedo,PulseMax,513.31,2023-12-03
Maria Julia Nunes,PulseMax,841.16,2024-01-03
Srta. Isabella da Luz,VivoZest,35.36,2021-03-16
Lorena Gonçalves,ZenithX,195.32,2022-03-16
Sr. Emanuel Almeida,ZenithX,443.26,2020-06-11
Sr. Yuri Ramos,GloboFit,487.53,2020-05-17
Ana Lívia Carvalho,VivoZest,19.09,2022-05-16
Isabella Sales,EcoVibe,391.2,2022-09-05
Lucas Gabriel Rodrigues,EcoVibe,53.67,2022-01-31
Agatha Barros,VitaFuel,127.24,2020-10-27
Gabriela da Paz,NeoGlow,197.16,2020-06-30
Srta. Maysa Fernandes,ZapTech,77.29,2022-01-21
Mirella da Mota,VivoZest,480.91,2022-05-02
Isabella da Costa,ZapTech,153.76,2020-09-08
Milena Gonçalves,Solaris,870.48,2023-07-07
Nicole Nogueira,VivoZest,306.65,2020-08-09
Bruno Rezende,VitaFuel,97.17,2021-11-12
Nicolas Monteiro,AquaWave,931.45,2020-06-06
Francisco Oliveira,PulseMax,915.93,2023-10-15
Isis Martins,VivoZest,99.72,2021-11-26
Sra. Laura Santos,Solaris,190.73,2022-12-04
Lucca Azevedo,EcoVibe,10.8,2020-12-11
João Vitor Lopes,GloboFit,105.98,2023-02-01
Olivia Araújo,Solaris,678.66,2021-07-12
Maria Aragão,NeoGlow,281.09,2020-07-01
Rodrigo Porto,VivoZest,594.12,2020-05-04
Heitor Barbosa,AquaWave,46.19,2021-09-11
João Viana,GloboFit,723.04,2022-08-16
Sr. Leonardo Moreira,VitaFuel,756.61,2020-11-19
Brenda Rocha,EcoVibe,549.56,2022-02-10
Sr. Thomas Cardoso,PulseMax,366.95,2020-10-24
Lívia Peixoto,GloboFit,405.9,2022-05-26
Eduarda das Neves,Solaris,108.06,2022-12-28
Letícia Gomes,VivoZest,663.96,2021-07-30
Dra. Heloísa Gomes,ZenithX,198.98,2023-09-28
Danilo Alves,AquaWave,939.18,2021-05-07
Eloah Gomes,VitaFuel,633.19,2021-09-19
Heloísa Silveira,NeoGlow,459.34,2022-07-31
Alice da Cruz,EcoVibe,52.55,2020-05-13
Alana Cardoso,VivoZest,607.38,2022-02-03
Alexandre Castro,Solaris,801.9,2022-03-30
Joaquim Cardoso,PulseMax,264.52,2022-07-20
Raul Correia,EcoVibe,788.12,2021-11-09
Cauã Cardoso,AquaWave,267.45,2021-02-08
Sr. Diogo da Luz,GloboFit,764.58,2024-02-03
Catarina Cavalcanti,Solaris,891.94,2020-05-28
Luiz Miguel Moura,VivoZest,170.65,2022-10-09
Ana Vitória Barbosa,PulseMax,409.24,2021-04-16
Caio Pires,ZapTech,722.13,2021-02-17
Pedro Miguel Pires,NeoGlow,214.27,2020-01-22
Dra. Stella Gonçalves,VivoZest,472.94,2021-12-14
Stephany Santos,ZenithX,19.87,2021-10-10
Dra. Maria Alice Barbosa,VitaFuel,149.4,2022-11-13
Ana Lívia Pires,NeoGlow,344.77,2020-11-24
Miguel Rezende,EcoVibe,582.13,2021-04-22
Sra. Melissa Barros,AquaWave,947.19,2022-07-18
Pedro Lucas Rocha,GloboFit,838.79,2023-01-04
Davi Lucca Duarte,PulseMax,913.17,2023-05-18
Lucca Alves,PulseMax,419.33,2020-04-23
Dr. Luigi Nogueira,AquaWave,898.51,2022-02-12
Ana Moraes,EcoVibe,187.46,2022-10-31
Dra. Sophie Moraes,AquaWave,303.82,2021-03-14
Benjamin Rocha,GloboFit,168.83,2023-04-14
Juan Lima,PulseMax,567.4,2023-09-20
Larissa Correia,Solaris,714.07,2021-06-02
Dr. Arthur Gomes,GloboFit,25.27,2021-10-18
Sr. Ryan Cardoso,ZapTech,745.98,2023-07-20
Dr. Breno Moreira,VitaFuel,725.92,2023-02-21
Ana Clara Araújo,NeoGlow,801.99,2023-04-10
Kevin Martins,PulseMax,624.45,2022-01-31
Júlia Alves,VivoZest,460.27,2022-10-04
Noah Costela,Solaris,967.53,2023-09-29
Dra. Ana Júlia Azevedo,NeoGlow,619.59,2022-11-29
Renan Moraes,GloboFit,729.08,2021-05-14
Diogo da Costa,Solaris,354.46,2020-10-06
Maria Sophia da Cruz,PulseMax,783.63,2020-12-05
Dr. Isaac Melo,VitaFuel,818.58,2023-05-06
Juan Martins,ZenithX,434.33,2023-09-24
Dra. Daniela Ribeiro,EcoVibe,135.76,2021-02-01
Sr. João Gabriel Castro,EcoVibe,629.33,2023-09-01
Davi Luiz Silva,GloboFit,847.56,2021-03-12
Davi Lucas Rocha,Solaris,774.7,2022-12-18
Maria Vitória Dias,EcoVibe,615.28,2020-03-21
Marcos Vinicius da Luz,VivoZest,752.63,2020-06-12
Isis Araújo,PulseMax,805.03,2024-01-25
Enzo Novaes,GloboFit,593.87,2021-02-09
Theo Dias,ZapTech,432.03,2022-05-21
Bruna Rezende,VitaFuel,949.59,2022-04-27
Lucas Moura,VivoZest,90.14,2023-05-19
Leandro Cunha,EcoVibe,474.8,2022-05-26
Gabriela das Neves,EcoVibe,167.52,2022-09-21
Gabriela Viana,VivoZest,104.12,2020-10-05
Sr. Lucas Lopes,GloboFit,57.18,2023-09-06
Maria Luiza Monteiro,PulseMax,41.74,2021-01-22
Diego Araújo,GloboFit,667.25,2022-09-10
Marcos Vinicius Rodrigues,VitaFuel,481.35,2020-07-15
Dra. Eduarda Mendes,AquaWave,654.27,2020-06-23
Marcela Martins,VivoZest,362.47,2020-02-05
Elisa Vieira,EcoVibe,434.41,2020-08-14
Luiz Felipe Vieira,AquaWave,367.77,2021-09-03
Manuela Souza,AquaWave,849.69,2020-02-13
Paulo Moura,NeoGlow,105.42,2022-12-18
Clara Costa,VivoZest,180.96,2020-02-29
Ana Clara Castro,NeoGlow,214.22,2023-04-01
Nathan Cunha,VivoZest,297.98,2020-04-13
Ana Vitória Cardoso,VitaFuel,639.13,2021-12-27
Levi Araújo,NeoGlow,983.17,2021-12-30
Ana Clara Ribeiro,Solaris,667.2,2021-07-17
Marina Ferreira,ZapTech,538.59,2022-07-25
Yago Pinto,ZapTech,261.49,2023-11-12
Maysa Nascimento,PulseMax,507.72,2021-05-26
Bárbara Gomes,ZenithX,51.93,2023-01-09
Carolina da Cunha,VitaFuel,61.65,2022-01-28
Nicole das Neves,VivoZest,403.88,2021-06-15
Nicole Gonçalves,VivoZest,300.1,2022-05-24
Maria Cecília Sales,PulseMax,785.81,2024-02-08
Levi Nascimento,VitaFuel,869.59,2021-03-13
Dr. Benício Rezende,ZenithX,671.86,2023-02-02
Samuel Porto,PulseMax,758.94,2022-05-07
Ana Júlia da Cunha,PulseMax,110.58,2021-04-16
Noah Ribeiro,GloboFit,818.43,2022-04-19
Gabrielly Barbosa,ZenithX,887.43,2021-10-15
Marcos Vinicius Rezende,NeoGlow,582.4,2021-06-09
Dra. Maria Vitória Moura,ZapTech,648.76,2021-09-27
Dra. Elisa Ferreira,VitaFuel,722.95,2021-03-28
Heitor da Cunha,Solaris,602.66,2023-05-19
Luiz Otávio das Neves,VivoZest,290.18,2020-01-23
Dra. Carolina Nunes,AquaWave,217.0,2020-07-09
Isis Barros,VitaFuel,859.85,2022-03-30
Renan Lopes,PulseMax,826.2,2020-02-21
Mariana Carvalho,VitaFuel,932.2,2020-09-26
Dra. Ana Carolina Cardoso,AquaWave,791.9,2023-09-23
Ryan Melo,VivoZest,236.27,2023-08-26
Levi Costa,ZenithX,67.41,2023-04-22
Caroline da Rosa,Solaris,945.55,2022-03-09
Ana Sophia Silva,ZenithX,466.9,2021-09-15
Pedro Lucas Oliveira,AquaWave,346.2,2023-01-27
Thales Vieira,EcoVibe,614.84,2021-04-17
Thales da Cruz,GloboFit,658.86,2022-09-19
Maria Luiza Rezende,GloboFit,404.59,2022-01-23
Breno Fogaça,ZapTech,994.05,2021-04-05
Ana Beatriz Almeida,VivoZest,426.06,2022-06-27
Sra. Sofia Araújo,ZenithX,682.0,2022-04-26
Cauê Mendes,ZapTech,211.8,2020-01-20
Pedro Lucas Barros,VitaFuel,240.77,2021-05-10
Mariane da Cunha,Solaris,901.52,2020-03-17
Alana da Cruz,ZapTech,156.3,2020-12-30
Sr. Anthony Aragão,GloboFit,382.42,2023-09-24
Joana da Paz,ZapTech,96.75,2022-05-16
Diogo Cardoso,AquaWave,190.96,2022-06-09
Maria Cecília Dias,EcoVibe,230.4,2023-05-08
Fernando Barbosa,AquaWave,999.14,2020-09-17
Marina Teixeira,VitaFuel,608.12,2022-09-18
Sr. Davi da Cunha,ZapTech,39.89,2023-06-13
Daniela da Cruz,ZenithX,690.63,2021-11-09
Enrico Dias,GloboFit,309.03,2021-10-31
Pedro Lucas Lopes,VivoZest,204.21,2022-05-08
Davi Lucas Ferreira,VitaFuel,982.91,2023-04-23
Thomas Nunes,VivoZest,716.07,2020-11-19
Pietro Aragão,VitaFuel,785.37,2020-03-31
Heitor Aragão,VivoZest,939.43,2022-04-14
Luna Barbosa,ZenithX,893.39,2022-02-22
Sophie Novaes,VivoZest,274.08,2023-05-24
Gabrielly Correia,AquaWave,433.07,2022-03-29
Ana Sophia Ramos,VivoZest,259.04,2022-12-31
Alícia Cardoso,GloboFit,784.49,2021-06-23
Ana Costa,GloboFit,50.43,2020-12-04
Dra. Ana Luiza Moreira,ZapTech,138.86,2023-10-25
Isabelly Monteiro,ZapTech,694.9,2023-07-12
Pedro Miguel Vieira,ZapTech,719.39,2022-12-13
Davi Lucas Viana,ZapTech,864.14,2022-01-28
Augusto Carvalho,Solaris,459.13,2020-10-31
Danilo Farias,Solaris,751.32,2020-09-18
Mariana Costela,VivoZest,291.73,2024-02-11
Enzo Silva,EcoVibe,738.51,2022-05-28
Maria Vitória da Cunha,VivoZest,685.83,2022-04-21
Henrique Freitas,VivoZest,59.0,2020-08-18
Alice Martins,EcoVibe,941.05,2021-05-12
Luiz Felipe da Luz,ZenithX,569.39,2022-05-27
Marcela Nunes,Solaris,589.73,2022-01-24
João Miguel Nascimento,NeoGlow,309.23,2021-12-14
Emanuella Correia,VivoZest,593.77,2021-09-18
Rodrigo Gonçalves,ZenithX,318.14,2022-04-09
Agatha da Mata,GloboFit,513.03,2023-04-28
Laís Lopes,PulseMax,710.89,2023-08-29
Rodrigo Lopes,NeoGlow,146.49,2024-02-10
André Pires,VivoZest,228.4,2023-07-07
Pedro Lucas Azevedo,GloboFit,791.15,2020-08-02
Ana Beatriz Ramos,NeoGlow,663.25,2022-02-27
Ana Carolina Pereira,VivoZest,749.53,2023-05-27
Sophie da Paz,PulseMax,708.2,2020-09-18
Felipe Pinto,PulseMax,970.21,2021-06-19
Dr. Thales das Neves,GloboFit,77.11,2022-12-22
Sr. Yuri Santos,NeoGlow,88.68,2023-10-05
Davi Luiz Santos,ZenithX,317.31,2023-05-11
Nina Porto,EcoVibe,731.98,2021-09-08
Srta. Maria Luiza Ribeiro,VivoZest,188.52,2020-01-17
Breno Oliveira,Solaris,781.7,2021-12-11
Dra. Maysa da Cunha,PulseMax,610.89,2022-11-24
Dr. Lucas Porto,NeoGlow,613.79,2023-01-20
Anthony Almeida,GloboFit,335.74,2022-08-14
Samuel Barros,PulseMax,283.53,2022-01-11
Benjamin Fogaça,ZapTech,573.63,2023-01-31
Ana Clara Azevedo,ZapTech,742.45,2022-10-30
Yuri Vieira,GloboFit,826.65,2021-11-26
Davi Lucca Mendes,EcoVibe,93.02,2022-08-14
Noah Pires,EcoVibe,795.58,2023-07-29
João Miguel da Mata,VivoZest,419.24,2021-01-24
Diogo Moreira,GloboFit,821.9,2023-05-10
Danilo Peixoto,ZapTech,190.44,2023-06-14
Lara da Costa,PulseMax,63.25,2023-07-16
Gabriel da Cunha,Solaris,309.4,2022-12-22
Rafael Duarte,ZenithX,472.77,2021-09-19
Dr. Vitor Duarte,AquaWave,598.61,2020-04-05
Maria Clara da Cruz,ZenithX,788.86,2022-11-27
Alexandre Caldeira,GloboFit,882.12,2022-11-15
Lorena Cunha,VivoZest,174.55,2024-01-25
Sr. Juan Moura,NeoGlow,990.42,2020-06-23
Nicolas da Cunha,PulseMax,710.08,2020-11-02
Felipe Ribeiro,GloboFit,840.26,2020-08-09
Beatriz Fernandes,NeoGlow,454.03,2021-09-01
Pedro Henrique Silva,PulseMax,127.36,2020-09-14
Sr. Murilo Sales,NeoGlow,763.98,2021-05-14
Miguel Barbosa,ZapTech,319.95,2020-06-28
Davi Lucas da Cunha,ZenithX,984.68,2021-12-01
Sr. Gabriel Barros,NeoGlow,642.33,2021-04-18
Gustavo Henrique Cavalcanti,PulseMax,401.26,2021-11-03
João Pedro Farias,VitaFuel,981.91,2023-06-16
Diogo Mendes,VitaFuel,128.25,2023-09-21
Lívia Fernandes,VivoZest,745.78,2021-08-25
Beatriz Aragão,ZenithX,191.98,2021-06-24
Vitor Almeida,GloboFit,344.75,2021-04-24
Joana Farias,AquaWave,422.27,2021-11-13
Danilo da Rocha,GloboFit,788.53,2023-09-12
Ana Carolina Souza,Solaris,575.54,2021-08-14
Nathan Vieira,EcoVibe,800.29,2020-05-21
Bianca Moura,ZapTech,665.47,2021-10-07
Rafaela Campos,ZapTech,140.87,2020-02-26
Yuri Cunha,NeoGlow,563.49,2021-05-19
Davi Luiz Pinto,PulseMax,382.55,2022-11-19
Sophie Moreira,EcoVibe,303.3,2023-06-17
Alana Gonçalves,EcoVibe,556.13,2020-07-01
Sr. Miguel Alves,PulseMax,972.49,2022-07-24
Ana Carolina Pinto,NeoGlow,243.87,2022-11-02
Noah Cardoso,PulseMax,233.57,2022-07-04
Srta. Bruna Fogaça,AquaWave,808.33,2021-02-18
Raquel Nascimento,ZenithX,173.43,2023-03-07
Stephany Pinto,AquaWave,399.23,2022-03-25
Cauê Nogueira,VitaFuel,849.18,2021-12-05
Maria Alice Dias,PulseMax,490.97,2023-04-25
Sr. Breno Nogueira,NeoGlow,674.77,2023-06-25
João Miguel Oliveira,VivoZest,528.16,2021-06-09
Fernanda Ribeiro,ZenithX,453.69,2021-11-26
Benício Costa,Solaris,820.56,2021-09-23
Ian Gomes,NeoGlow,830.2,2022-04-06
Isis Nascimento,VitaFuel,632.79,2022-10-28
Marcelo Freitas,VitaFuel,329.13,2023-07-14
Eduarda Porto,ZenithX,370.38,2023-05-23
Sra. Larissa Lima,EcoVibe,958.2,2021-06-17
Dr. Isaac Viana,VivoZest,750.33,2022-01-24
Renan Silva,ZapTech,330.44,2021-12-03
Maria Alice Monteiro,ZenithX,818.96,2021-08-24
Ana Clara da Cunha,AquaWave,242.54,2023-04-17
Sr. Pedro Henrique Fogaça,ZapTech,528.87,2020-09-23
Dr. Vinicius Monteiro,EcoVibe,53.89,2022-10-12
Davi Luiz Moura,EcoVibe,263.21,2021-07-31
Enrico Cardoso,VivoZest,564.71,2023-11-30
Vitor Hugo Cardoso,PulseMax,778.83,2024-01-02
Isadora Lopes,AquaWave,675.93,2020-02-18
Kaique Fernandes,AquaWave,567.97,2020-09-07
Ana Julia Viana,EcoVibe,339.44,2023-11-01
Maria Porto,VivoZest,484.58,2023-06-25
Raul Pereira,PulseMax,693.31,2023-08-23
Ryan da Paz,EcoVibe,491.49,2020-09-20
João Rezende,GloboFit,661.72,2022-02-11
Rodrigo Nogueira,ZenithX,478.9,2020-05-12
Letícia Ramos,AquaWave,148.11,2022-12-19
Benício Cardoso,EcoVibe,814.74,2020-04-03
Calebe Ramos,ZapTech,883.74,2021-05-21
Erick Rezende,GloboFit,137.66,2022-11-20
Maria Fernanda Costela,EcoVibe,12.29,2023-11-17
Joaquim Castro,NeoGlow,859.78,2021-04-11
Gabrielly Mendes,Solaris,882.66,2020-09-12
Letícia Jesus,NeoGlow,207.26,2022-11-04
Davi Luiz Mendes,NeoGlow,554.06,2020-08-14
Sr. Thomas Moura,ZenithX,843.72,2020-05-06
Stella Peixoto,VitaFuel,583.6,2021-10-18
Yasmin Lopes,ZapTech,770.14,2022-04-22
Srta. Lívia Cunha,Solaris,525.28,2023-04-13
Marcelo Cardoso,Solaris,89.61,2021-03-29
Sophia Viana,Solaris,222.27,2020-07-12
Thiago Cunha,Solaris,438.77,2021-04-02
Rebeca Pereira,Solaris,105.68,2024-01-15
Kaique Mendes,GloboFit,441.28,2020-03-13
Vitor Gabriel Cardoso,Solaris,885.72,2020-03-02
Maria Luiza Castro,PulseMax,271.24,2021-05-04
Enzo Gabriel Lopes,NeoGlow,482.67,2021-04-26
Luiz Henrique Monteiro,PulseMax,436.01,2021-08-06
Dr. André Carvalho,VitaFuel,683.94,2021-02-03
Sra. Eloah Lopes,VitaFuel,989.32,2023-11-01
Henrique Pires,PulseMax,762.97,2022-12-19
Sr. Leandro Cardoso,NeoGlow,279.53,2021-11-03
Maria Julia da Conceição,NeoGlow,600.65,2023-07-22
Sr. Nicolas Castro,ZenithX,672.64,2023-04-13
Maitê Azevedo,NeoGlow,872.14,2021-07-23
Srta. Isadora da Rosa,VitaFuel,555.24,2022-09-17
Lorena Fogaça,VitaFuel,559.49,2022-10-15
Ana Sophia Aragão,VivoZest,675.72,2021-03-19
Isadora Campos,VitaFuel,299.86,2020-08-10
Rafael Rocha,EcoVibe,544.87,2020-02-01
Luiz Fernando Caldeira,ZenithX,43.03,2023-12-03
Rafael Viana,VivoZest,952.87,2021-04-26
Lara Lima,VivoZest,286.54,2022-05-03
Leandro Ribeiro,ZapTech,165.68,2023-05-31
Leonardo Nascimento,Solaris,984.48,2021-12-28
Ana Clara Rocha,GloboFit,543.34,2023-03-01
Marcos Vinicius Correia,GloboFit,482.44,2020-04-23
Dr. Leandro Vieira,PulseMax,804.92,2022-07-26
Maria Julia Pereira,ZenithX,286.3,2024-01-20
Dr. Felipe Pinto,ZenithX,608.43,2021-11-03
Murilo da Rosa,PulseMax,769.95,2023-12-25
Maitê Porto,PulseMax,570.98,2023-03-31
Kaique Viana,ZenithX,467.34,2021-01-14
Ana Júlia Jesus,ZapTech,294.78,2020-08-17
Sr. Isaac Santos,ZenithX,690.69,2020-08-13
Ana Julia Sales,ZenithX,353.18,2021-11-18
Sr. Miguel Carvalho,NeoGlow,354.38,2021-03-17
João Gabriel Fogaça,NeoGlow,730.29,2020-11-26
Davi Luiz Azevedo,ZenithX,72.71,2021-05-12
Esther Cavalcanti,ZenithX,487.11,2022-05-06
Dra. Ana Lívia Cardoso,NeoGlow,567.6,2022-06-18
Evelyn Dias,EcoVibe,10.47,2022-05-02
Thales Porto,AquaWave,473.01,2021-04-18
Ana Lívia Nunes,Solaris,724.67,2023-03-19
Srta. Eduarda Almeida,ZapTech,319.51,2020-10-18
Heloísa Costela,ZapTech,695.02,2024-02-12
Esther da Cunha,Solaris,688.99,2022-11-06
Emilly da Cunha,NeoGlow,816.91,2023-03-07
Mariane Moreira,ZapTech,125.52,2022-06-30
Bruno Caldeira,ZenithX,329.59,2020-01-30
Sr. Leandro Jesus,VitaFuel,184.33,2022-10-23
Pedro Miguel da Mota,VitaFuel,250.8,2023-03-26
Maitê Dias,VitaFuel,764.49,2021-01-23
João Viana,Solaris,79.12,2022-02-22
Stephany Jesus,PulseMax,252.44,2020-06-04
Lívia Almeida,PulseMax,582.6,2022-08-31
Arthur Silva,EcoVibe,70.98,2021-03-20
Murilo Costa,GloboFit,927.92,2021-07-16
João Lucas Almeida,EcoVibe,859.57,2023-09-02
Ian Barros,ZapTech,400.22,2024-01-15
Dra. Manuela Cunha,AquaWave,125.91,2020-01-10
Dra. Maria Cecília Moura,GloboFit,422.03,2021-10-09
Juliana Monteiro,NeoGlow,258.15,2021-09-13
Rebeca Moraes,AquaWave,415.36,2022-01-31
Cauã Caldeira,NeoGlow,370.6,2021-09-23
Luiza Aragão,Solaris,975.35,2021-06-11
Enzo Araújo,VitaFuel,752.17,2022-10-17
Ana Nogueira,ZapTech,108.42,2021-10-16
Maysa Pires,PulseMax,902.37,2022-06-01
Camila Freitas,PulseMax,185.87,2020-01-28
Carlos Eduardo Ribeiro,VitaFuel,666.54,2021-05-15
Matheus Azevedo,VivoZest,854.89,2021-05-09
Lucas Gabriel Teixeira,PulseMax,609.69,2020-01-24
Caio Lima,ZenithX,628.49,2020-11-09
Francisco Cardoso,ZapTech,482.31,2023-06-07
Sofia Cardoso,ZapTech,377.19,2023-11-19
Julia Monteiro,ZapTech,602.27,2020-08-27
Dra. Sarah das Neves,AquaWave,462.86,2021-03-23
Stella Campos,AquaWave,387.35,2022-03-04
Sofia Fernandes,VivoZest,799.35,2020-11-18
Esther Gonçalves,GloboFit,375.84,2023-02-07
Isabella Nascimento,Solaris,405.48,2021-09-21
João Miguel Carvalho,AquaWave,720.51,2020-01-04
Dra. Milena das Neves,NeoGlow,58.3,2020-02-11
Luigi Lopes,EcoVibe,743.15,2023-07-21
Isabelly Porto,ZenithX,295.32,2023-11-28
Dra. Valentina Ramos,VitaFuel,915.01,2020-01-05
Srta. Eloah Santos,Solaris,971.89,2020-03-24
Dr. Otávio Alves,PulseMax,938.26,2023-08-07
Marina da Luz,VitaFuel,688.9,2020-04-30
Ana Clara Pereira,AquaWave,664.4,2023-01-30
Sr. Alexandre Souza,NeoGlow,203.93,2021-02-28
Ana Carolina Souza,EcoVibe,381.73,2023-04-26
Benjamin Cavalcanti,VitaFuel,713.59,2023-11-25
Sra. Isadora Pinto,ZenithX,968.33,2021-12-19
Dr. Pedro Miguel Aragão,AquaWave,56.45,2020-02-16
Matheus Moraes,AquaWave,821.23,2023-10-15
Yuri Viana,Solaris,253.07,2020-11-05
Yasmin Dias,VivoZest,884.31,2021-09-25
Thomas da Luz,ZenithX,869.36,2020-01-11
Bárbara Porto,ZenithX,652.26,2023-10-07
Emanuel Campos,Solaris,621.71,2020-10-22
Pedro Lucas Barbosa,NeoGlow,103.5,2020-03-25
Laura Nascimento,NeoGlow,222.05,2021-11-23
Alice Nascimento,EcoVibe,47.66,2020-08-06
Theo da Paz,NeoGlow,136.82,2022-10-15
Luiz Otávio Lopes,VivoZest,216.9,2021-01-27
Sra. Ana Carolina Jesus,VitaFuel,42.73,2021-11-02
Alexia Silveira,AquaWave,497.88,2020-06-21
Stella Costa,EcoVibe,94.03,2021-02-19
Otávio Barbosa,ZenithX,849.29,2022-09-16
Eloah Melo,AquaWave,479.46,2023-06-22
Eloah Gonçalves,ZenithX,873.73,2024-01-14
Pedro Miguel Gomes,Solaris,215.63,2023-05-26
Clarice Lima,AquaWave,694.31,2022-11-28
Sra. Gabrielly Viana,EcoVibe,621.71,2022-06-10
Sr. Eduardo Rodrigues,PulseMax,343.81,2023-07-15
Luiz Otávio Viana,EcoVibe,790.3,2023-02-25
Camila Aragão,AquaWave,954.99,2020-08-08
Natália Gonçalves,VivoZest,354.24,2022-01-15
Guilherme Nunes,GloboFit,261.58,2020-11-03
Giovanna Melo,PulseMax,795.47,2020-11-21
Letícia Mendes,EcoVibe,811.84,2020-10-10
Ana Lívia Cardoso,AquaWave,662.58,2020-05-30
Isadora Cardoso,ZenithX,159.07,2021-02-01
Nathan Pires,Solaris,810.41,2020-10-02
Valentina da Conceição,VivoZest,546.13,2020-10-01
Isadora da Mata,VitaFuel,366.95,2021-07-10
Kamilly Moraes,VivoZest,298.52,2020-04-17
Letícia Pereira,NeoGlow,444.07,2020-11-16
Nathan Dias,GloboFit,177.67,2022-12-17
Maria Vitória Nascimento,ZenithX,127.23,2023-05-13
Calebe Melo,AquaWave,954.78,2023-10-05
Diogo das Neves,GloboFit,299.32,2023-07-07
Fernanda Duarte,NeoGlow,923.35,2020-06-22
Lavínia Moreira,AquaWave,700.97,2022-10-07
Lucas da Luz,GloboFit,139.41,2023-01-04
Maria Eduarda Farias,VitaFuel,566.59,2021-06-10
Eloah Fogaça,ZapTech,267.95,2022-02-19
Rafael Martins,PulseMax,711.07,2023-11-06
Srta. Amanda da Paz,ZenithX,713.08,2023-11-07
João Vitor Moreira,PulseMax,696.94,2024-02-10
Sra. Raquel Nunes,PulseMax,620.04,2023-02-10
Sra. Maria Araújo,ZenithX,680.01,2021-04-24
Marcela Gomes,VitaFuel,103.56,2021-07-10
Marcos Vinicius Silva,NeoGlow,491.7,2020-02-29
Sra. Brenda da Mota,VitaFuel,472.17,2021-09-02
Cauê Moraes,NeoGlow,735.74,2024-01-29
Juliana Souza,Solaris,675.5,2021-05-23
Erick Melo,VivoZest,756.67,2023-01-28
Dra. Larissa Porto,VivoZest,659.05,2021-02-04
Milena Mendes,VitaFuel,681.05,2022-07-21
Vinicius Pereira,VitaFuel,350.02,2024-02-07
Luiz Otávio da Mata,ZenithX,658.34,2023-02-02
Leandro Mendes,ZapTech,930.22,2021-02-27
Dr. Augusto Rezende,ZenithX,976.27,2021-09-20
Sr. Erick da Rosa,GloboFit,972.41,2020-07-09
Luigi Porto,ZapTech,753.19,2020-12-18
Sra. Manuela Correia,EcoVibe,213.07,2020-04-11
Amanda Pires,ZenithX,621.7,2023-04-11
Luiz Fernando Porto,VitaFuel,780.18,2021-01-24
Sra. Milena Araújo,Solaris,925.02,2023-03-30
Enzo Gabriel Ferreira,VitaFuel,806.36,2021-12-16
Pietra Nunes,GloboFit,252.9,2022-05-29
